insert into guild (guild_id, guild_name) values (606554717379982999, 'Sheep, red');
insert into guild (guild_id, guild_name) values (416692287732354195, 'Puna ibis');
insert into guild (guild_id, guild_name) values (856925621334453908, 'Gecko, ring-tailed');
insert into guild (guild_id, guild_name) values (827014794661421027, 'Whale, southern right');
insert into guild (guild_id, guild_name) values (481284841760154853, 'Blue and gold macaw');
insert into guild (guild_id, guild_name) values (682368259232716868, 'Mongoose, banded');
insert into guild (guild_id, guild_name) values (751980835228360596, 'Plover, blacksmith');
insert into guild (guild_id, guild_name) values (109714352622312172, 'Hyena, striped');
insert into guild (guild_id, guild_name) values (109451011619990627, 'Lion, mountain');
insert into guild (guild_id, guild_name) values (423926916006222232, 'Curve-billed thrasher');
insert into guild (guild_id, guild_name) values (258554914743569922, 'Common eland');
insert into guild (guild_id, guild_name) values (795309000233700587, 'Camel, dromedary');
insert into guild (guild_id, guild_name) values (355461434577333616, 'Nuthatch, red-breasted');
insert into guild (guild_id, guild_name) values (387743158699737335, 'Skink, blue-tongued');
insert into guild (guild_id, guild_name) values (807883772553622944, 'Lion, california sea');
insert into guild (guild_id, guild_name) values (227043535202967871, 'Blackbird, red-winged');
insert into guild (guild_id, guild_name) values (144709545278720765, 'Asiatic jackal');
insert into guild (guild_id, guild_name) values (115079768406374994, 'Duck, mountain');
insert into guild (guild_id, guild_name) values (651691771268692194, 'Bandicoot, long-nosed');
insert into guild (guild_id, guild_name) values (981554957488804116, 'Eastern quoll');
insert into guild (guild_id, guild_name) values (115532036681536891, 'King cormorant');
insert into guild (guild_id, guild_name) values (748722891302002444, 'Ibis, puna');
insert into guild (guild_id, guild_name) values (756148731403582687, 'Seal, northern fur');
insert into guild (guild_id, guild_name) values (309661638967805204, 'Yellow-throated sandgrouse');
insert into guild (guild_id, guild_name) values (290373684380892423, 'Musk ox');
insert into guild (guild_id, guild_name) values (797602544468518433, 'Savannah deer (unidentified)');
insert into guild (guild_id, guild_name) values (142227191941267508, 'Eagle owl (unidentified)');
insert into guild (guild_id, guild_name) values (606967295015394386, 'Deer, barasingha');
insert into guild (guild_id, guild_name) values (816947027950405902, 'Kangaroo, brush-tailed rat');
insert into guild (guild_id, guild_name) values (557513746481035635, 'Meerkat, red');
insert into guild (guild_id, guild_name) values (448986523622965773, 'Trumpeter, green-winged');
insert into guild (guild_id, guild_name) values (921813158653504238, 'Tern, royal');
insert into guild (guild_id, guild_name) values (407652791697054274, 'White-winged dove');
insert into guild (guild_id, guild_name) values (546758886509321408, 'Tammar wallaby');
insert into guild (guild_id, guild_name) values (605307207671431352, 'Great skua');
insert into guild (guild_id, guild_name) values (382994277860142531, 'Campo flicker');
insert into guild (guild_id, guild_name) values (285464087864195761, 'Pintail, white-cheeked');
insert into guild (guild_id, guild_name) values (336946128059195049, 'Asian elephant');
insert into guild (guild_id, guild_name) values (528267869569534449, 'Violet-crested turaco');
insert into guild (guild_id, guild_name) values (416243400667502315, 'White-fronted capuchin');
insert into guild (guild_id, guild_name) values (211360333839852605, 'Squirrel, indian giant');
insert into guild (guild_id, guild_name) values (832497331216949490, 'Greater adjutant stork');
insert into guild (guild_id, guild_name) values (510624620707658791, 'Red-winged hawk (unidentified)');
insert into guild (guild_id, guild_name) values (331453934861235141, 'Pine siskin');
insert into guild (guild_id, guild_name) values (427396380357142174, 'Black-winged stilt');
insert into guild (guild_id, guild_name) values (165725049211948534, 'Rhesus monkey');
insert into guild (guild_id, guild_name) values (776706430525416344, 'Arctic tern');
insert into guild (guild_id, guild_name) values (709233378462722908, 'Grey heron');
insert into guild (guild_id, guild_name) values (164820147498710664, 'Carmine bee-eater');
insert into guild (guild_id, guild_name) values (351358406534669949, 'Little heron');

insert into channel (channel_id, channel_name, guild_id) values (844454050179628160, 'Gulf Indian Breadroot', 606554717379982999);
insert into channel (channel_id, channel_name, guild_id) values (176938703568181792, 'Canary Broom', 416692287732354195);
insert into channel (channel_id, channel_name, guild_id) values (702125073921729920, 'Puerto Rico St. Johnswort', 856925621334453908);
insert into channel (channel_id, channel_name, guild_id) values (982826781430113024, 'California Fawnlily', 827014794661421027);
insert into channel (channel_id, channel_name, guild_id) values (472155327886147968, 'Big Deervetch', 481284841760154853);
insert into channel (channel_id, channel_name, guild_id) values (749853039784307712, 'Donnellia Moss', 682368259232716868);
insert into channel (channel_id, channel_name, guild_id) values (259515413242127936, 'Owens Valley Beardtongue', 751980835228360596);
insert into channel (channel_id, channel_name, guild_id) values (198087551915134496, 'Aster', 109714352622312172);
insert into channel (channel_id, channel_name, guild_id) values (202785653586565632, 'Sulphur Beardtongue', 109451011619990627);
insert into channel (channel_id, channel_name, guild_id) values (522567173475244800, 'Chee Reedgrass', 423926916006222232);
insert into channel (channel_id, channel_name, guild_id) values (965647567503697280, 'Grimy Mousetail', 258554914743569922);
insert into channel (channel_id, channel_name, guild_id) values (626343550400086016, 'Silver Lupine', 795309000233700587);
insert into channel (channel_id, channel_name, guild_id) values (897327050639968512, 'Vasey''s Rubberweed', 355461434577333616);
insert into channel (channel_id, channel_name, guild_id) values (305539375402734272, 'Goodding''s Bladderpod', 387743158699737335);
insert into channel (channel_id, channel_name, guild_id) values (954217561716381824, 'Japanese Pagoda Tree', 807883772553622944);
insert into channel (channel_id, channel_name, guild_id) values (815654846498566272, 'Beach Pinweed', 227043535202967871);
insert into channel (channel_id, channel_name, guild_id) values (733243494864621952, 'Henderson''s Biscuitroot', 144709545278720765);
insert into channel (channel_id, channel_name, guild_id) values (739753203263364608, 'Velvetplant', 115079768406374994);
insert into channel (channel_id, channel_name, guild_id) values (506146149481308800, 'Cologania', 651691771268692194);
insert into channel (channel_id, channel_name, guild_id) values (216203834973785472, 'Great Valley Phacelia', 981554957488804116);
insert into channel (channel_id, channel_name, guild_id) values (418592663788886080, 'Wand Goldenrod', 115532036681536891);
insert into channel (channel_id, channel_name, guild_id) values (750346072657710080, 'Discelium Moss', 748722891302002444);
insert into channel (channel_id, channel_name, guild_id) values (669274934555008640, 'Wart Lichen', 756148731403582687);
insert into channel (channel_id, channel_name, guild_id) values (109615286383004640, 'Turkey Corn', 309661638967805204);
insert into channel (channel_id, channel_name, guild_id) values (562819606477494592, 'Manyflower Linanthus', 290373684380892423);
insert into channel (channel_id, channel_name, guild_id) values (400714652780236352, 'Small Black Blueberry', 797602544468518433);
insert into channel (channel_id, channel_name, guild_id) values (723746656499464320, 'Kalalau Valley Starviolet', 142227191941267508);
insert into channel (channel_id, channel_name, guild_id) values (530667851278405440, 'Twinleaf Senna', 606967295015394386);
insert into channel (channel_id, channel_name, guild_id) values (291966634506078016, 'Slenderleaf Lomatium', 816947027950405902);
insert into channel (channel_id, channel_name, guild_id) values (133521949845052176, 'Brazilian Satintail', 557513746481035635);
insert into channel (channel_id, channel_name, guild_id) values (922464036903976832, 'New Mexico Thistle', 448986523622965773);
insert into channel (channel_id, channel_name, guild_id) values (533469480861933952, 'Pipestem Clematis', 921813158653504238);
insert into channel (channel_id, channel_name, guild_id) values (678504316497803520, 'Wreath Lichen', 407652791697054274);
insert into channel (channel_id, channel_name, guild_id) values (515124635293676992, 'Shoreline Figwort', 546758886509321408);
insert into channel (channel_id, channel_name, guild_id) values (835186335485922176, 'Grapefern', 605307207671431352);
insert into channel (channel_id, channel_name, guild_id) values (789552287888752256, 'Cyrtandra', 382994277860142531);
insert into channel (channel_id, channel_name, guild_id) values (149986902190938976, 'Sand Phacelia', 285464087864195761);
insert into channel (channel_id, channel_name, guild_id) values (431957971454469760, 'Tomentose Snow Lichen', 336946128059195049);
insert into channel (channel_id, channel_name, guild_id) values (662843631080686592, 'Woodland Passionflower', 528267869569534449);
insert into channel (channel_id, channel_name, guild_id) values (780597136768686848, 'Bald Cypress', 416243400667502315);
insert into channel (channel_id, channel_name, guild_id) values (525016156804560064, 'Pillwort', 211360333839852605);
insert into channel (channel_id, channel_name, guild_id) values (633633168854201472, 'Kohlmeyera Lichen', 832497331216949490);
insert into channel (channel_id, channel_name, guild_id) values (952047366364606208, 'Caroline Ivory Nutpalm', 510624620707658791);
insert into channel (channel_id, channel_name, guild_id) values (335391608115568000, 'Proctor''s Vriesea', 331453934861235141);
insert into channel (channel_id, channel_name, guild_id) values (382916976307707200, 'Howell''s Lousewort', 427396380357142174);
insert into channel (channel_id, channel_name, guild_id) values (495429608729250432, 'Roundleaf Eyebright', 165725049211948534);
insert into channel (channel_id, channel_name, guild_id) values (505363901865184512, 'White Meadowsweet', 776706430525416344);
insert into channel (channel_id, channel_name, guild_id) values (870137316422393856, 'Velvet Turtleback', 709233378462722908);
insert into channel (channel_id, channel_name, guild_id) values (746216870906194432, 'Dotted Colicwood', 164820147498710664);
insert into channel (channel_id, channel_name, guild_id) values (377422043713962112, 'Yosemite Dwarf Rush', 351358406534669949);

insert into subscribed_channels (channel_id, notification_type, launch_mentions) values (844454050179628160, 'schedule', null);
insert into subscribed_channels (channel_id, notification_type, launch_mentions) values (176938703568181792, 'all', '@Emmott');
insert into subscribed_channels (channel_id, notification_type, launch_mentions) values (702125073921729920, 'all', null);
insert into subscribed_channels (channel_id, notification_type, launch_mentions) values (982826781430113024, 'all', '@Lester');
insert into subscribed_channels (channel_id, notification_type, launch_mentions) values (472155327886147968, 'schedule', '@Stanleigh');
insert into subscribed_channels (channel_id, notification_type, launch_mentions) values (749853039784307712, 'all', '@Lewiss');
insert into subscribed_channels (channel_id, notification_type, launch_mentions) values (259515413242127936, 'schedule', '@Erwin');
insert into subscribed_channels (channel_id, notification_type, launch_mentions) values (198087551915134496, 'launch', '@Kym');
insert into subscribed_channels (channel_id, notification_type, launch_mentions) values (202785653586565632, 'launch', null);
insert into subscribed_channels (channel_id, notification_type, launch_mentions) values (522567173475244800, 'launch', '@Bunni');
insert into subscribed_channels (channel_id, notification_type, launch_mentions) values (965647567503697280, 'launch', '@Forrest');
insert into subscribed_channels (channel_id, notification_type, launch_mentions) values (626343550400086016, 'schedule', '@Monty');
insert into subscribed_channels (channel_id, notification_type, launch_mentions) values (897327050639968512, 'all', '@Artie');
insert into subscribed_channels (channel_id, notification_type, launch_mentions) values (305539375402734272, 'schedule', null);
insert into subscribed_channels (channel_id, notification_type, launch_mentions) values (954217561716381824, 'all', null);
insert into subscribed_channels (channel_id, notification_type, launch_mentions) values (815654846498566272, 'schedule', null);
insert into subscribed_channels (channel_id, notification_type, launch_mentions) values (733243494864621952, 'launch', null);
insert into subscribed_channels (channel_id, notification_type, launch_mentions) values (739753203263364608, 'launch', '@Bourke');
insert into subscribed_channels (channel_id, notification_type, launch_mentions) values (506146149481308800, 'all', null);
insert into subscribed_channels (channel_id, notification_type, launch_mentions) values (216203834973785472, 'all', '@Brynne');
insert into subscribed_channels (channel_id, notification_type, launch_mentions) values (418592663788886080, 'all', '@Lilas');
insert into subscribed_channels (channel_id, notification_type, launch_mentions) values (750346072657710080, 'schedule', '@Lisbeth');
insert into subscribed_channels (channel_id, notification_type, launch_mentions) values (669274934555008640, 'schedule', '@Josefa');
insert into subscribed_channels (channel_id, notification_type, launch_mentions) values (109615286383004640, 'launch', '@Windy');
insert into subscribed_channels (channel_id, notification_type, launch_mentions) values (562819606477494592, 'schedule', '@Gabi');
insert into subscribed_channels (channel_id, notification_type, launch_mentions) values (400714652780236352, 'schedule', null);
insert into subscribed_channels (channel_id, notification_type, launch_mentions) values (723746656499464320, 'launch', '@Judi');
insert into subscribed_channels (channel_id, notification_type, launch_mentions) values (530667851278405440, 'schedule', null);
insert into subscribed_channels (channel_id, notification_type, launch_mentions) values (291966634506078016, 'launch', '@Corbie');
insert into subscribed_channels (channel_id, notification_type, launch_mentions) values (133521949845052176, 'all', null);
insert into subscribed_channels (channel_id, notification_type, launch_mentions) values (922464036903976832, 'schedule', '@Nikkie');
insert into subscribed_channels (channel_id, notification_type, launch_mentions) values (533469480861933952, 'all', '@Marcos');
insert into subscribed_channels (channel_id, notification_type, launch_mentions) values (678504316497803520, 'launch', null);
insert into subscribed_channels (channel_id, notification_type, launch_mentions) values (515124635293676992, 'all', '@Rodi');
insert into subscribed_channels (channel_id, notification_type, launch_mentions) values (835186335485922176, 'all', '@Eddy');
insert into subscribed_channels (channel_id, notification_type, launch_mentions) values (789552287888752256, 'launch', '@Geno');
insert into subscribed_channels (channel_id, notification_type, launch_mentions) values (149986902190938976, 'schedule', '@Ingemar');
insert into subscribed_channels (channel_id, notification_type, launch_mentions) values (431957971454469760, 'all', '@Addy');
insert into subscribed_channels (channel_id, notification_type, launch_mentions) values (662843631080686592, 'all', '@Jesse');
insert into subscribed_channels (channel_id, notification_type, launch_mentions) values (780597136768686848, 'launch', '@Lee');
insert into subscribed_channels (channel_id, notification_type, launch_mentions) values (525016156804560064, 'schedule', '@Caldwell');
insert into subscribed_channels (channel_id, notification_type, launch_mentions) values (633633168854201472, 'launch', '@Leontyne');
insert into subscribed_channels (channel_id, notification_type, launch_mentions) values (952047366364606208, 'all', '@Earvin');
insert into subscribed_channels (channel_id, notification_type, launch_mentions) values (335391608115568000, 'launch', '@Kerrin');
insert into subscribed_channels (channel_id, notification_type, launch_mentions) values (382916976307707200, 'schedule', null);
insert into subscribed_channels (channel_id, notification_type, launch_mentions) values (495429608729250432, 'all', null);
insert into subscribed_channels (channel_id, notification_type, launch_mentions) values (505363901865184512, 'all', '@Tally');
insert into subscribed_channels (channel_id, notification_type, launch_mentions) values (870137316422393856, 'schedule', '@Krissy');
insert into subscribed_channels (channel_id, notification_type, launch_mentions) values (746216870906194432, 'all', null);
insert into subscribed_channels (channel_id, notification_type, launch_mentions) values (377422043713962112, 'schedule', '@Nancy');
